utc_time,perth_time,lot,zone,utilization
2026-07-08T05:56:57Z,2026-07-08 13:56:57,TCP1, ,0
2026-07-08T05:56:57Z,2026-07-08 13:56:57,TCP2, ,0
2026-07-08T05:56:57Z,2026-07-08 13:56:57,PA1,BEN-PA1-LZ-Green,27.41
2026-07-08T05:56:57Z,2026-07-08 13:56:57,PA2,BEN-PA2-LZ-Green,2.95
2026-07-08T05:56:57Z,2026-07-08 13:56:57,PA3,BEN-PA3-LZ-Green,0.62
2026-07-08T05:56:57Z,2026-07-08 13:56:57,PA4,BEN-PA4-LT-0001,0
2026-07-08T05:56:57Z,2026-07-08 13:56:57,PA5,BEN-PA5-LZ-Green,9.38
2026-07-08T05:56:57Z,2026-07-08 13:56:57,PB1,BEN-PB1-LZ-Green,35.53
2026-07-08T05:56:57Z,2026-07-08 13:56:57,PB3,BEN-PB3-LZ-90Minute,29.41
2026-07-08T05:56:57Z,2026-07-08 13:56:57,PC2,BEN-PC2-LZ-Green,37.86
2026-07-08T05:56:57Z,2026-07-08 13:56:57,PC3,BEN-PC3-LZ-Green,71.19
2026-07-08T05:56:57Z,2026-07-08 13:56:57,STAFF ONLY - PC3,BEN-PC3-LZ-White,23.4
2026-07-08T05:56:57Z,2026-07-08 13:56:57,PC4,BEN-PC4-LZ-Equipark,0
2026-07-08T05:56:57Z,2026-07-08 13:56:57,PD1,BEN-PD1-LZ-Yellow,54.93
2026-07-08T05:56:57Z,2026-07-08 13:56:57,PD4,BEN-PD4-LZ-Blue,16.67
2026-07-08T05:56:57Z,2026-07-08 13:56:57,PE1,BEN-PE1-LZ-Yellow,62.02
2026-07-08T05:56:57Z,2026-07-08 13:56:57,PE2,BEN-PE2-LZ-Blue,23.91
2026-07-08T05:56:57Z,2026-07-08 13:56:57,PF1,BEN-PF1-LZ-Yellow,100
2026-07-08T05:56:57Z,2026-07-08 13:56:57,PH1,BEN-PH1-LZ-Yellow,94.74
2026-07-08T05:56:57Z,2026-07-08 13:56:57,PH2,BEN-PH2-LZ-Green,100
2026-07-08T05:56:57Z,2026-07-08 13:56:57,PH3,BEN-PH3-LZ-Equipark,0
2026-07-08T05:56:57Z,2026-07-08 13:56:57,PH4,BEN-PH4-LZ-Green,93.55
2026-07-08T05:56:57Z,2026-07-08 13:56:57,PI1,BEN-PI1-LZ-Yellow,78.21
2026-07-08T05:56:57Z,2026-07-08 13:56:57,PI2,BEN-PI2-LZ-Yellow,17.95
2026-07-08T05:56:57Z,2026-07-08 13:56:57,PI3,BEN-PI3-LZ-Yellow,3.55
2026-07-08T05:56:57Z,2026-07-08 13:56:57,STAFF ONLY - PJ1,BEN-PJ1-LZ-White,34.74
2026-07-08T05:56:57Z,2026-07-08 13:56:57,PJ1,BEN-PJ1-LZ-Yellow,28.26
2026-07-08T05:56:57Z,2026-07-08 13:56:57,PJ2,BEN-PJ2-LZ-Green,64.15
2026-07-08T05:56:57Z,2026-07-08 13:56:57,PL1,BEN-PL1-LZ-Green,23.96
2026-07-08T05:56:57Z,2026-07-08 13:56:57,PL2,BEN-PL2-LZ-Green,32.26
2026-07-08T05:56:57Z,2026-07-08 13:56:57,STAFF ONLY - PL2,BEN-PL2-LZ-White,0
2026-07-08T05:56:57Z,2026-07-08 13:56:57,PM2,BEN-PM2-LZ-Blue,26.32
2026-07-08T05:56:57Z,2026-07-08 13:56:57,PM3,BEN-PM3-LZ-Green,76.58
2026-07-08T05:56:57Z,2026-07-08 13:56:57,TCP1, ,0
2026-07-08T05:56:57Z,2026-07-08 13:56:57,TCP2, ,0
2026-07-08T05:56:57Z,2026-07-08 13:56:57,PA1,BEN-PA1-LZ-Green,27.41
2026-07-08T05:56:57Z,2026-07-08 13:56:57,PA2,BEN-PA2-LZ-Green,2.95
2026-07-08T05:56:57Z,2026-07-08 13:56:57,PA3,BEN-PA3-LZ-Green,0.62
2026-07-08T05:56:57Z,2026-07-08 13:56:57,PA4,BEN-PA4-LT-0001,0
2026-07-08T05:56:57Z,2026-07-08 13:56:57,PA5,BEN-PA5-LZ-Green,9.38
2026-07-08T05:56:57Z,2026-07-08 13:56:57,PB1,BEN-PB1-LZ-Green,35.53
2026-07-08T05:56:57Z,2026-07-08 13:56:57,PB3,BEN-PB3-LZ-90Minute,29.41
2026-07-08T05:56:57Z,2026-07-08 13:56:57,PC2,BEN-PC2-LZ-Green,37.86
2026-07-08T05:56:57Z,2026-07-08 13:56:57,PC3,BEN-PC3-LZ-Green,71.19
2026-07-08T05:56:57Z,2026-07-08 13:56:57,STAFF ONLY - PC3,BEN-PC3-LZ-White,23.4
2026-07-08T05:56:57Z,2026-07-08 13:56:57,PC4,BEN-PC4-LZ-Equipark,0
2026-07-08T05:56:57Z,2026-07-08 13:56:57,PD1,BEN-PD1-LZ-Yellow,54.93
2026-07-08T05:56:57Z,2026-07-08 13:56:57,PD4,BEN-PD4-LZ-Blue,16.67
2026-07-08T05:56:57Z,2026-07-08 13:56:57,PE1,BEN-PE1-LZ-Yellow,62.02
2026-07-08T05:56:57Z,2026-07-08 13:56:57,PE2,BEN-PE2-LZ-Blue,23.91
2026-07-08T05:56:57Z,2026-07-08 13:56:57,PF1,BEN-PF1-LZ-Yellow,100
2026-07-08T05:56:57Z,2026-07-08 13:56:57,PH1,BEN-PH1-LZ-Yellow,94.74
2026-07-08T05:56:57Z,2026-07-08 13:56:57,PH2,BEN-PH2-LZ-Green,100
2026-07-08T05:56:57Z,2026-07-08 13:56:57,PH3,BEN-PH3-LZ-Equipark,0
2026-07-08T05:56:57Z,2026-07-08 13:56:57,PH4,BEN-PH4-LZ-Green,93.55
2026-07-08T05:56:57Z,2026-07-08 13:56:57,PI1,BEN-PI1-LZ-Yellow,78.21
2026-07-08T05:56:57Z,2026-07-08 13:56:57,PI2,BEN-PI2-LZ-Yellow,17.95
2026-07-08T05:56:57Z,2026-07-08 13:56:57,PI3,BEN-PI3-LZ-Yellow,3.55
2026-07-08T05:56:57Z,2026-07-08 13:56:57,STAFF ONLY - PJ1,BEN-PJ1-LZ-White,34.74
2026-07-08T05:56:57Z,2026-07-08 13:56:57,PJ1,BEN-PJ1-LZ-Yellow,28.26
2026-07-08T05:56:57Z,2026-07-08 13:56:57,PJ2,BEN-PJ2-LZ-Green,64.15
2026-07-08T05:56:57Z,2026-07-08 13:56:57,PL1,BEN-PL1-LZ-Green,23.96
2026-07-08T05:56:57Z,2026-07-08 13:56:57,PL2,BEN-PL2-LZ-Green,32.26
2026-07-08T05:56:57Z,2026-07-08 13:56:57,STAFF ONLY - PL2,BEN-PL2-LZ-White,0
2026-07-08T05:56:57Z,2026-07-08 13:56:57,PM2,BEN-PM2-LZ-Blue,26.32
2026-07-08T05:56:57Z,2026-07-08 13:56:57,PM3,BEN-PM3-LZ-Green,76.58
2026-07-08T08:06:39Z,2026-07-08 16:06:39,TCP1, ,0
2026-07-08T08:06:39Z,2026-07-08 16:06:39,TCP2, ,0
2026-07-08T08:06:39Z,2026-07-08 16:06:39,PA1,BEN-PA1-LZ-Green,27.41
2026-07-08T08:06:39Z,2026-07-08 16:06:39,PA2,BEN-PA2-LZ-Green,2.53
2026-07-08T08:06:39Z,2026-07-08 16:06:39,PA3,BEN-PA3-LZ-Green,0.62
2026-07-08T08:06:39Z,2026-07-08 16:06:39,PA4,BEN-PA4-LT-0001,0
2026-07-08T08:06:39Z,2026-07-08 16:06:39,PA5,BEN-PA5-LZ-Green,9.38
2026-07-08T08:06:39Z,2026-07-08 16:06:39,PB1,BEN-PB1-LZ-Green,33.52
2026-07-08T08:06:39Z,2026-07-08 16:06:39,PB3,BEN-PB3-LZ-90Minute,31.76
2026-07-08T08:06:39Z,2026-07-08 16:06:39,PC2,BEN-PC2-LZ-Green,25
2026-07-08T08:06:39Z,2026-07-08 16:06:39,PC3,BEN-PC3-LZ-Green,59.32
2026-07-08T08:06:39Z,2026-07-08 16:06:39,STAFF ONLY - PC3,BEN-PC3-LZ-White,17.02
2026-07-08T08:06:39Z,2026-07-08 16:06:39,PC4,BEN-PC4-LZ-Equipark,0
2026-07-08T08:06:39Z,2026-07-08 16:06:39,PD1,BEN-PD1-LZ-Yellow,34.21
2026-07-08T08:06:39Z,2026-07-08 16:06:39,PD4,BEN-PD4-LZ-Blue,16.67
2026-07-08T08:06:39Z,2026-07-08 16:06:39,PE1,BEN-PE1-LZ-Yellow,48.08
2026-07-08T08:06:39Z,2026-07-08 16:06:39,PE2,BEN-PE2-LZ-Blue,17.39
2026-07-08T08:06:39Z,2026-07-08 16:06:39,PF1,BEN-PF1-LZ-Yellow,69.18
2026-07-08T08:06:39Z,2026-07-08 16:06:39,PH1,BEN-PH1-LZ-Yellow,38.76
2026-07-08T08:06:39Z,2026-07-08 16:06:39,PH2,BEN-PH2-LZ-Green,74
2026-07-08T08:06:39Z,2026-07-08 16:06:39,PH3,BEN-PH3-LZ-Equipark,0
2026-07-08T08:06:39Z,2026-07-08 16:06:39,PH4,BEN-PH4-LZ-Green,71.61
2026-07-08T08:06:39Z,2026-07-08 16:06:39,PI1,BEN-PI1-LZ-Yellow,65.92
2026-07-08T08:06:39Z,2026-07-08 16:06:39,PI2,BEN-PI2-LZ-Yellow,14.42
2026-07-08T08:06:39Z,2026-07-08 16:06:39,PI3,BEN-PI3-LZ-Yellow,3.19
2026-07-08T08:06:39Z,2026-07-08 16:06:39,STAFF ONLY - PJ1,BEN-PJ1-LZ-White,27.37
2026-07-08T08:06:39Z,2026-07-08 16:06:39,PJ1,BEN-PJ1-LZ-Yellow,27.9
2026-07-08T08:06:39Z,2026-07-08 16:06:39,PJ2,BEN-PJ2-LZ-Green,42.14
2026-07-08T08:06:39Z,2026-07-08 16:06:39,PL1,BEN-PL1-LZ-Green,19.81
2026-07-08T08:06:39Z,2026-07-08 16:06:39,PL2,BEN-PL2-LZ-Green,12.9
2026-07-08T08:06:39Z,2026-07-08 16:06:39,STAFF ONLY - PL2,BEN-PL2-LZ-White,0
2026-07-08T08:06:39Z,2026-07-08 16:06:39,PM2,BEN-PM2-LZ-Blue,0
2026-07-08T08:06:39Z,2026-07-08 16:06:39,PM3,BEN-PM3-LZ-Green,59.49
2026-07-08T09:04:33Z,2026-07-08 17:04:33,TCP1, ,0
2026-07-08T09:04:33Z,2026-07-08 17:04:33,TCP2, ,0
2026-07-08T09:04:33Z,2026-07-08 17:04:33,PA1,BEN-PA1-LZ-Green,27.41
2026-07-08T09:04:33Z,2026-07-08 17:04:33,PA2,BEN-PA2-LZ-Green,1.97
2026-07-08T09:04:33Z,2026-07-08 17:04:33,PA3,BEN-PA3-LZ-Green,0.62
2026-07-08T09:04:33Z,2026-07-08 17:04:33,PA4,BEN-PA4-LT-0001,0
2026-07-08T09:04:33Z,2026-07-08 17:04:33,PA5,BEN-PA5-LZ-Green,9.38
2026-07-08T09:04:33Z,2026-07-08 17:04:33,PB1,BEN-PB1-LZ-Green,24.07
2026-07-08T09:04:33Z,2026-07-08 17:04:33,PB3,BEN-PB3-LZ-90Minute,30.59
2026-07-08T09:04:33Z,2026-07-08 17:04:33,PC2,BEN-PC2-LZ-Green,12.14
2026-07-08T09:04:33Z,2026-07-08 17:04:33,PC3,BEN-PC3-LZ-Green,27.12
2026-07-08T09:04:33Z,2026-07-08 17:04:33,STAFF ONLY - PC3,BEN-PC3-LZ-White,12.77
2026-07-08T09:04:33Z,2026-07-08 17:04:33,PC4,BEN-PC4-LZ-Equipark,0
2026-07-08T09:04:33Z,2026-07-08 17:04:33,PD1,BEN-PD1-LZ-Yellow,16.78
2026-07-08T09:04:33Z,2026-07-08 17:04:33,PD4,BEN-PD4-LZ-Blue,11.11
2026-07-08T09:04:33Z,2026-07-08 17:04:33,PE1,BEN-PE1-LZ-Yellow,27.53
2026-07-08T09:04:33Z,2026-07-08 17:04:33,PE2,BEN-PE2-LZ-Blue,17.39
2026-07-08T09:04:33Z,2026-07-08 17:04:33,PF1,BEN-PF1-LZ-Yellow,28.93
2026-07-08T09:04:33Z,2026-07-08 17:04:33,PH1,BEN-PH1-LZ-Yellow,22.01
2026-07-08T09:04:33Z,2026-07-08 17:04:33,PH2,BEN-PH2-LZ-Green,60
2026-07-08T09:04:33Z,2026-07-08 17:04:33,PH3,BEN-PH3-LZ-Equipark,0
2026-07-08T09:04:33Z,2026-07-08 17:04:33,PH4,BEN-PH4-LZ-Green,41.29
2026-07-08T09:04:33Z,2026-07-08 17:04:33,PI1,BEN-PI1-LZ-Yellow,34.08
2026-07-08T09:04:33Z,2026-07-08 17:04:33,PI2,BEN-PI2-LZ-Yellow,10.9
2026-07-08T09:04:33Z,2026-07-08 17:04:33,PI3,BEN-PI3-LZ-Yellow,2.48
2026-07-08T09:04:33Z,2026-07-08 17:04:33,STAFF ONLY - PJ1,BEN-PJ1-LZ-White,20
2026-07-08T09:04:33Z,2026-07-08 17:04:33,PJ1,BEN-PJ1-LZ-Yellow,27.54
2026-07-08T09:04:33Z,2026-07-08 17:04:33,PJ2,BEN-PJ2-LZ-Green,16.98
2026-07-08T09:04:33Z,2026-07-08 17:04:33,PL1,BEN-PL1-LZ-Green,16.29
2026-07-08T09:04:33Z,2026-07-08 17:04:33,PL2,BEN-PL2-LZ-Green,6.45
2026-07-08T09:04:33Z,2026-07-08 17:04:33,STAFF ONLY - PL2,BEN-PL2-LZ-White,0
2026-07-08T09:04:33Z,2026-07-08 17:04:33,PM2,BEN-PM2-LZ-Blue,15.79
2026-07-08T09:04:33Z,2026-07-08 17:04:33,PM3,BEN-PM3-LZ-Green,36.08
2026-07-08T11:15:22Z,2026-07-08 19:15:22,TCP1, ,0
2026-07-08T11:15:22Z,2026-07-08 19:15:22,TCP2, ,0
2026-07-08T11:15:22Z,2026-07-08 19:15:22,PA1,BEN-PA1-LZ-Green,27.41
2026-07-08T11:15:22Z,2026-07-08 19:15:22,PA2,BEN-PA2-LZ-Green,1.83
2026-07-08T11:15:22Z,2026-07-08 19:15:22,PA3,BEN-PA3-LZ-Green,0.62
2026-07-08T11:15:22Z,2026-07-08 19:15:22,PA4,BEN-PA4-LT-0001,0
2026-07-08T11:15:22Z,2026-07-08 19:15:22,PA5,BEN-PA5-LZ-Green,9.38
2026-07-08T11:15:22Z,2026-07-08 19:15:22,PB1,BEN-PB1-LZ-Green,26.07
2026-07-08T11:15:22Z,2026-07-08 19:15:22,PB3,BEN-PB3-LZ-90Minute,28.24
2026-07-08T11:15:22Z,2026-07-08 19:15:22,PC2,BEN-PC2-LZ-Green,0
2026-07-08T11:15:22Z,2026-07-08 19:15:22,PC3,BEN-PC3-LZ-Green,3.39
2026-07-08T11:15:22Z,2026-07-08 19:15:22,STAFF ONLY - PC3,BEN-PC3-LZ-White,0
2026-07-08T11:15:22Z,2026-07-08 19:15:22,PC4,BEN-PC4-LZ-Equipark,0
2026-07-08T11:15:22Z,2026-07-08 19:15:22,PD1,BEN-PD1-LZ-Yellow,3.95
2026-07-08T11:15:22Z,2026-07-08 19:15:22,PD4,BEN-PD4-LZ-Blue,8.33
2026-07-08T11:15:22Z,2026-07-08 19:15:22,PE1,BEN-PE1-LZ-Yellow,12.89
2026-07-08T11:15:22Z,2026-07-08 19:15:22,PE2,BEN-PE2-LZ-Blue,19.57
2026-07-08T11:15:22Z,2026-07-08 19:15:22,PF1,BEN-PF1-LZ-Yellow,7.55
2026-07-08T11:15:22Z,2026-07-08 19:15:22,PH1,BEN-PH1-LZ-Yellow,6.22
2026-07-08T11:15:22Z,2026-07-08 19:15:22,PH2,BEN-PH2-LZ-Green,36
2026-07-08T11:15:22Z,2026-07-08 19:15:22,PH3,BEN-PH3-LZ-Equipark,0
2026-07-08T11:15:22Z,2026-07-08 19:15:22,PH4,BEN-PH4-LZ-Green,5.16
2026-07-08T11:15:22Z,2026-07-08 19:15:22,PI1,BEN-PI1-LZ-Yellow,8.94
2026-07-08T11:15:22Z,2026-07-08 19:15:22,PI2,BEN-PI2-LZ-Yellow,6.41
2026-07-08T11:15:22Z,2026-07-08 19:15:22,PI3,BEN-PI3-LZ-Yellow,0.35
2026-07-08T11:15:22Z,2026-07-08 19:15:22,STAFF ONLY - PJ1,BEN-PJ1-LZ-White,0
2026-07-08T11:15:22Z,2026-07-08 19:15:22,PJ1,BEN-PJ1-LZ-Yellow,25.36
2026-07-08T11:15:22Z,2026-07-08 19:15:22,PJ2,BEN-PJ2-LZ-Green,22.01
2026-07-08T11:15:22Z,2026-07-08 19:15:22,PL1,BEN-PL1-LZ-Green,13.42
2026-07-08T11:15:22Z,2026-07-08 19:15:22,PL2,BEN-PL2-LZ-Green,6.45
2026-07-08T11:15:22Z,2026-07-08 19:15:22,STAFF ONLY - PL2,BEN-PL2-LZ-White,0
2026-07-08T11:15:22Z,2026-07-08 19:15:22,PM2,BEN-PM2-LZ-Blue,0
2026-07-08T11:15:22Z,2026-07-08 19:15:22,PM3,BEN-PM3-LZ-Green,8.86
2026-07-08T12:55:32Z,2026-07-08 20:55:32,TCP1, ,0
2026-07-08T12:55:32Z,2026-07-08 20:55:32,TCP2, ,0
2026-07-08T12:55:32Z,2026-07-08 20:55:32,PA1,BEN-PA1-LZ-Green,27.41
2026-07-08T12:55:32Z,2026-07-08 20:55:32,PA2,BEN-PA2-LZ-Green,1.83
2026-07-08T12:55:32Z,2026-07-08 20:55:32,PA3,BEN-PA3-LZ-Green,0.62
2026-07-08T12:55:32Z,2026-07-08 20:55:32,PA4,BEN-PA4-LT-0001,0
2026-07-08T12:55:32Z,2026-07-08 20:55:32,PA5,BEN-PA5-LZ-Green,9.38
2026-07-08T12:55:32Z,2026-07-08 20:55:32,PB1,BEN-PB1-LZ-Green,21.2
2026-07-08T12:55:32Z,2026-07-08 20:55:32,PB3,BEN-PB3-LZ-90Minute,25.88
2026-07-08T12:55:32Z,2026-07-08 20:55:32,PC2,BEN-PC2-LZ-Green,1.43
2026-07-08T12:55:32Z,2026-07-08 20:55:32,PC3,BEN-PC3-LZ-Green,3.39
2026-07-08T12:55:32Z,2026-07-08 20:55:32,STAFF ONLY - PC3,BEN-PC3-LZ-White,0
2026-07-08T12:55:32Z,2026-07-08 20:55:32,PC4,BEN-PC4-LZ-Equipark,0
2026-07-08T12:55:32Z,2026-07-08 20:55:32,PD1,BEN-PD1-LZ-Yellow,0.99
2026-07-08T12:55:32Z,2026-07-08 20:55:32,PD4,BEN-PD4-LZ-Blue,5.56
2026-07-08T12:55:32Z,2026-07-08 20:55:32,PE1,BEN-PE1-LZ-Yellow,11.15
2026-07-08T12:55:32Z,2026-07-08 20:55:32,PE2,BEN-PE2-LZ-Blue,18.12
2026-07-08T12:55:32Z,2026-07-08 20:55:32,PF1,BEN-PF1-LZ-Yellow,2.52
2026-07-08T12:55:32Z,2026-07-08 20:55:32,PH1,BEN-PH1-LZ-Yellow,3.35
2026-07-08T12:55:32Z,2026-07-08 20:55:32,PH2,BEN-PH2-LZ-Green,36
2026-07-08T12:55:32Z,2026-07-08 20:55:32,PH3,BEN-PH3-LZ-Equipark,0
2026-07-08T12:55:32Z,2026-07-08 20:55:32,PH4,BEN-PH4-LZ-Green,1.94
2026-07-08T12:55:32Z,2026-07-08 20:55:32,PI1,BEN-PI1-LZ-Yellow,4.19
2026-07-08T12:55:32Z,2026-07-08 20:55:32,PI2,BEN-PI2-LZ-Yellow,5.45
2026-07-08T12:55:32Z,2026-07-08 20:55:32,PI3,BEN-PI3-LZ-Yellow,0.35
2026-07-08T12:55:32Z,2026-07-08 20:55:32,STAFF ONLY - PJ1,BEN-PJ1-LZ-White,1.05
2026-07-08T12:55:32Z,2026-07-08 20:55:32,PJ1,BEN-PJ1-LZ-Yellow,26.09
2026-07-08T12:55:32Z,2026-07-08 20:55:32,PJ2,BEN-PJ2-LZ-Green,1.89
2026-07-08T12:55:32Z,2026-07-08 20:55:32,PL1,BEN-PL1-LZ-Green,13.42
2026-07-08T12:55:32Z,2026-07-08 20:55:32,PL2,BEN-PL2-LZ-Green,6.45
2026-07-08T12:55:32Z,2026-07-08 20:55:32,STAFF ONLY - PL2,BEN-PL2-LZ-White,0
2026-07-08T12:55:32Z,2026-07-08 20:55:32,PM2,BEN-PM2-LZ-Blue,0
2026-07-08T12:55:32Z,2026-07-08 20:55:32,PM3,BEN-PM3-LZ-Green,8.86
2026-07-08T15:27:16Z,2026-07-08 23:27:16,TCP1, ,0
2026-07-08T15:27:16Z,2026-07-08 23:27:16,TCP2, ,0
2026-07-08T15:27:16Z,2026-07-08 23:27:16,PA1,BEN-PA1-LZ-Green,27.41
2026-07-08T15:27:16Z,2026-07-08 23:27:16,PA2,BEN-PA2-LZ-Green,1.83
2026-07-08T15:27:16Z,2026-07-08 23:27:16,PA3,BEN-PA3-LZ-Green,0.62
2026-07-08T15:27:16Z,2026-07-08 23:27:16,PA4,BEN-PA4-LT-0001,0
2026-07-08T15:27:16Z,2026-07-08 23:27:16,PA5,BEN-PA5-LZ-Green,9.38
2026-07-08T15:27:16Z,2026-07-08 23:27:16,PB1,BEN-PB1-LZ-Green,16.33
2026-07-08T15:27:16Z,2026-07-08 23:27:16,PB3,BEN-PB3-LZ-90Minute,29.41
2026-07-08T15:27:16Z,2026-07-08 23:27:16,PC2,BEN-PC2-LZ-Green,0
2026-07-08T15:27:16Z,2026-07-08 23:27:16,PC3,BEN-PC3-LZ-Green,3.39
2026-07-08T15:27:16Z,2026-07-08 23:27:16,STAFF ONLY - PC3,BEN-PC3-LZ-White,0
2026-07-08T15:27:16Z,2026-07-08 23:27:16,PC4,BEN-PC4-LZ-Equipark,0
2026-07-08T15:27:16Z,2026-07-08 23:27:16,PD1,BEN-PD1-LZ-Yellow,0.99
2026-07-08T15:27:16Z,2026-07-08 23:27:16,PD4,BEN-PD4-LZ-Blue,2.78
2026-07-08T15:27:16Z,2026-07-08 23:27:16,PE1,BEN-PE1-LZ-Yellow,8.01
2026-07-08T15:27:16Z,2026-07-08 23:27:16,PE2,BEN-PE2-LZ-Blue,17.39
2026-07-08T15:27:16Z,2026-07-08 23:27:16,PF1,BEN-PF1-LZ-Yellow,0
2026-07-08T15:27:16Z,2026-07-08 23:27:16,PH1,BEN-PH1-LZ-Yellow,1.91
2026-07-08T15:27:16Z,2026-07-08 23:27:16,PH2,BEN-PH2-LZ-Green,34
2026-07-08T15:27:16Z,2026-07-08 23:27:16,PH3,BEN-PH3-LZ-Equipark,0
2026-07-08T15:27:16Z,2026-07-08 23:27:16,PH4,BEN-PH4-LZ-Green,0.65
2026-07-08T15:27:16Z,2026-07-08 23:27:16,PI1,BEN-PI1-LZ-Yellow,1.96
2026-07-08T15:27:16Z,2026-07-08 23:27:16,PI2,BEN-PI2-LZ-Yellow,4.81
2026-07-08T15:27:16Z,2026-07-08 23:27:16,PI3,BEN-PI3-LZ-Yellow,0
2026-07-08T15:27:16Z,2026-07-08 23:27:16,STAFF ONLY - PJ1,BEN-PJ1-LZ-White,1.05
2026-07-08T15:27:16Z,2026-07-08 23:27:16,PJ1,BEN-PJ1-LZ-Yellow,24.64
2026-07-08T15:27:16Z,2026-07-08 23:27:16,PJ2,BEN-PJ2-LZ-Green,0
2026-07-08T15:27:16Z,2026-07-08 23:27:16,PL1,BEN-PL1-LZ-Green,13.42
2026-07-08T15:27:16Z,2026-07-08 23:27:16,PL2,BEN-PL2-LZ-Green,6.45
2026-07-08T15:27:16Z,2026-07-08 23:27:16,STAFF ONLY - PL2,BEN-PL2-LZ-White,0
2026-07-08T15:27:16Z,2026-07-08 23:27:16,PM2,BEN-PM2-LZ-Blue,0
2026-07-08T15:27:16Z,2026-07-08 23:27:16,PM3,BEN-PM3-LZ-Green,7.59
2026-07-08T17:02:11Z,2026-07-09 01:02:11,TCP1, ,0
2026-07-08T17:02:11Z,2026-07-09 01:02:11,TCP2, ,0
2026-07-08T17:02:11Z,2026-07-09 01:02:11,PA1,BEN-PA1-LZ-Green,27.41
2026-07-08T17:02:11Z,2026-07-09 01:02:11,PA2,BEN-PA2-LZ-Green,1.83
2026-07-08T17:02:11Z,2026-07-09 01:02:11,PA3,BEN-PA3-LZ-Green,0.62
2026-07-08T17:02:11Z,2026-07-09 01:02:11,PA4,BEN-PA4-LT-0001,0
2026-07-08T17:02:11Z,2026-07-09 01:02:11,PA5,BEN-PA5-LZ-Green,9.38
2026-07-08T17:02:11Z,2026-07-09 01:02:11,PB1,BEN-PB1-LZ-Green,16.91
2026-07-08T17:02:11Z,2026-07-09 01:02:11,PB3,BEN-PB3-LZ-90Minute,24.71
2026-07-08T17:02:11Z,2026-07-09 01:02:11,PC2,BEN-PC2-LZ-Green,0
2026-07-08T17:02:11Z,2026-07-09 01:02:11,PC3,BEN-PC3-LZ-Green,3.39
2026-07-08T17:02:11Z,2026-07-09 01:02:11,STAFF ONLY - PC3,BEN-PC3-LZ-White,0
2026-07-08T17:02:11Z,2026-07-09 01:02:11,PC4,BEN-PC4-LZ-Equipark,0
2026-07-08T17:02:11Z,2026-07-09 01:02:11,PD1,BEN-PD1-LZ-Yellow,0.99
2026-07-08T17:02:11Z,2026-07-09 01:02:11,PD4,BEN-PD4-LZ-Blue,2.78
2026-07-08T17:02:11Z,2026-07-09 01:02:11,PE1,BEN-PE1-LZ-Yellow,8.01
2026-07-08T17:02:11Z,2026-07-09 01:02:11,PE2,BEN-PE2-LZ-Blue,18.12
2026-07-08T17:02:11Z,2026-07-09 01:02:11,PF1,BEN-PF1-LZ-Yellow,0
2026-07-08T17:02:11Z,2026-07-09 01:02:11,PH1,BEN-PH1-LZ-Yellow,1.44
2026-07-08T17:02:11Z,2026-07-09 01:02:11,PH2,BEN-PH2-LZ-Green,34
2026-07-08T17:02:11Z,2026-07-09 01:02:11,PH3,BEN-PH3-LZ-Equipark,0
2026-07-08T17:02:11Z,2026-07-09 01:02:11,PH4,BEN-PH4-LZ-Green,1.29
2026-07-08T17:02:11Z,2026-07-09 01:02:11,PI1,BEN-PI1-LZ-Yellow,1.96
2026-07-08T17:02:11Z,2026-07-09 01:02:11,PI2,BEN-PI2-LZ-Yellow,4.81
2026-07-08T17:02:11Z,2026-07-09 01:02:11,PI3,BEN-PI3-LZ-Yellow,0
2026-07-08T17:02:11Z,2026-07-09 01:02:11,STAFF ONLY - PJ1,BEN-PJ1-LZ-White,1.05
2026-07-08T17:02:11Z,2026-07-09 01:02:11,PJ1,BEN-PJ1-LZ-Yellow,25
2026-07-08T17:02:11Z,2026-07-09 01:02:11,PJ2,BEN-PJ2-LZ-Green,0
2026-07-08T17:02:11Z,2026-07-09 01:02:11,PL1,BEN-PL1-LZ-Green,13.42
2026-07-08T17:02:11Z,2026-07-09 01:02:11,PL2,BEN-PL2-LZ-Green,6.45
2026-07-08T17:02:11Z,2026-07-09 01:02:11,STAFF ONLY - PL2,BEN-PL2-LZ-White,0
2026-07-08T17:02:11Z,2026-07-09 01:02:11,PM2,BEN-PM2-LZ-Blue,0
2026-07-08T17:02:11Z,2026-07-09 01:02:11,PM3,BEN-PM3-LZ-Green,7.59
2026-07-08T18:42:06Z,2026-07-09 02:42:06,TCP1, ,0
2026-07-08T18:42:06Z,2026-07-09 02:42:06,TCP2, ,0
2026-07-08T18:42:06Z,2026-07-09 02:42:06,PA1,BEN-PA1-LZ-Green,27.41
2026-07-08T18:42:06Z,2026-07-09 02:42:06,PA2,BEN-PA2-LZ-Green,1.83
2026-07-08T18:42:06Z,2026-07-09 02:42:06,PA3,BEN-PA3-LZ-Green,0.62
2026-07-08T18:42:06Z,2026-07-09 02:42:06,PA4,BEN-PA4-LT-0001,0
2026-07-08T18:42:06Z,2026-07-09 02:42:06,PA5,BEN-PA5-LZ-Green,9.38
2026-07-08T18:42:06Z,2026-07-09 02:42:06,PB1,BEN-PB1-LZ-Green,16.62
2026-07-08T18:42:06Z,2026-07-09 02:42:06,PB3,BEN-PB3-LZ-90Minute,24.71
2026-07-08T18:42:06Z,2026-07-09 02:42:06,PC2,BEN-PC2-LZ-Green,0
2026-07-08T18:42:06Z,2026-07-09 02:42:06,PC3,BEN-PC3-LZ-Green,3.39
2026-07-08T18:42:06Z,2026-07-09 02:42:06,STAFF ONLY - PC3,BEN-PC3-LZ-White,0
2026-07-08T18:42:06Z,2026-07-09 02:42:06,PC4,BEN-PC4-LZ-Equipark,0
2026-07-08T18:42:06Z,2026-07-09 02:42:06,PD1,BEN-PD1-LZ-Yellow,1.32
2026-07-08T18:42:06Z,2026-07-09 02:42:06,PD4,BEN-PD4-LZ-Blue,2.78
2026-07-08T18:42:06Z,2026-07-09 02:42:06,PE1,BEN-PE1-LZ-Yellow,8.01
2026-07-08T18:42:06Z,2026-07-09 02:42:06,PE2,BEN-PE2-LZ-Blue,18.12
2026-07-08T18:42:06Z,2026-07-09 02:42:06,PF1,BEN-PF1-LZ-Yellow,0
2026-07-08T18:42:06Z,2026-07-09 02:42:06,PH1,BEN-PH1-LZ-Yellow,1.44
2026-07-08T18:42:06Z,2026-07-09 02:42:06,PH2,BEN-PH2-LZ-Green,34
2026-07-08T18:42:06Z,2026-07-09 02:42:06,PH3,BEN-PH3-LZ-Equipark,0
2026-07-08T18:42:06Z,2026-07-09 02:42:06,PH4,BEN-PH4-LZ-Green,0
2026-07-08T18:42:06Z,2026-07-09 02:42:06,PI1,BEN-PI1-LZ-Yellow,1.96
2026-07-08T18:42:06Z,2026-07-09 02:42:06,PI2,BEN-PI2-LZ-Yellow,4.81
2026-07-08T18:42:06Z,2026-07-09 02:42:06,PI3,BEN-PI3-LZ-Yellow,0
2026-07-08T18:42:06Z,2026-07-09 02:42:06,STAFF ONLY - PJ1,BEN-PJ1-LZ-White,1.05
2026-07-08T18:42:06Z,2026-07-09 02:42:06,PJ1,BEN-PJ1-LZ-Yellow,24.64
2026-07-08T18:42:06Z,2026-07-09 02:42:06,PJ2,BEN-PJ2-LZ-Green,0
2026-07-08T18:42:06Z,2026-07-09 02:42:06,PL1,BEN-PL1-LZ-Green,13.42
2026-07-08T18:42:06Z,2026-07-09 02:42:06,PL2,BEN-PL2-LZ-Green,6.45
2026-07-08T18:42:06Z,2026-07-09 02:42:06,STAFF ONLY - PL2,BEN-PL2-LZ-White,0
2026-07-08T18:42:06Z,2026-07-09 02:42:06,PM2,BEN-PM2-LZ-Blue,0
2026-07-08T18:42:06Z,2026-07-09 02:42:06,PM3,BEN-PM3-LZ-Green,7.59
2026-07-08T20:13:41Z,2026-07-09 04:13:41,TCP1, ,0
2026-07-08T20:13:41Z,2026-07-09 04:13:41,TCP2, ,0
2026-07-08T20:13:41Z,2026-07-09 04:13:41,PA1,BEN-PA1-LZ-Green,27.41
2026-07-08T20:13:41Z,2026-07-09 04:13:41,PA2,BEN-PA2-LZ-Green,1.83
2026-07-08T20:13:41Z,2026-07-09 04:13:41,PA3,BEN-PA3-LZ-Green,0.62
2026-07-08T20:13:41Z,2026-07-09 04:13:41,PA4,BEN-PA4-LT-0001,0
2026-07-08T20:13:41Z,2026-07-09 04:13:41,PA5,BEN-PA5-LZ-Green,9.38
2026-07-08T20:13:41Z,2026-07-09 04:13:41,PB1,BEN-PB1-LZ-Green,16.33
2026-07-08T20:13:41Z,2026-07-09 04:13:41,PB3,BEN-PB3-LZ-90Minute,24.71
2026-07-08T20:13:41Z,2026-07-09 04:13:41,PC2,BEN-PC2-LZ-Green,0
2026-07-08T20:13:41Z,2026-07-09 04:13:41,PC3,BEN-PC3-LZ-Green,3.39
2026-07-08T20:13:41Z,2026-07-09 04:13:41,STAFF ONLY - PC3,BEN-PC3-LZ-White,0
2026-07-08T20:13:41Z,2026-07-09 04:13:41,PC4,BEN-PC4-LZ-Equipark,0
2026-07-08T20:13:41Z,2026-07-09 04:13:41,PD1,BEN-PD1-LZ-Yellow,1.32
2026-07-08T20:13:41Z,2026-07-09 04:13:41,PD4,BEN-PD4-LZ-Blue,2.78
2026-07-08T20:13:41Z,2026-07-09 04:13:41,PE1,BEN-PE1-LZ-Yellow,8.71
2026-07-08T20:13:41Z,2026-07-09 04:13:41,PE2,BEN-PE2-LZ-Blue,18.12
2026-07-08T20:13:41Z,2026-07-09 04:13:41,PF1,BEN-PF1-LZ-Yellow,0.63
2026-07-08T20:13:41Z,2026-07-09 04:13:41,PH1,BEN-PH1-LZ-Yellow,0.96
2026-07-08T20:13:41Z,2026-07-09 04:13:41,PH2,BEN-PH2-LZ-Green,34
2026-07-08T20:13:41Z,2026-07-09 04:13:41,PH3,BEN-PH3-LZ-Equipark,0
2026-07-08T20:13:41Z,2026-07-09 04:13:41,PH4,BEN-PH4-LZ-Green,1.94
2026-07-08T20:13:41Z,2026-07-09 04:13:41,PI1,BEN-PI1-LZ-Yellow,2.23
2026-07-08T20:13:41Z,2026-07-09 04:13:41,PI2,BEN-PI2-LZ-Yellow,4.81
2026-07-08T20:13:41Z,2026-07-09 04:13:41,PI3,BEN-PI3-LZ-Yellow,0
2026-07-08T20:13:41Z,2026-07-09 04:13:41,STAFF ONLY - PJ1,BEN-PJ1-LZ-White,1.05
2026-07-08T20:13:41Z,2026-07-09 04:13:41,PJ1,BEN-PJ1-LZ-Yellow,24.64
2026-07-08T20:13:41Z,2026-07-09 04:13:41,PJ2,BEN-PJ2-LZ-Green,0
2026-07-08T20:13:41Z,2026-07-09 04:13:41,PL1,BEN-PL1-LZ-Green,13.42
2026-07-08T20:13:41Z,2026-07-09 04:13:41,PL2,BEN-PL2-LZ-Green,9.68
2026-07-08T20:13:41Z,2026-07-09 04:13:41,STAFF ONLY - PL2,BEN-PL2-LZ-White,0
2026-07-08T20:13:41Z,2026-07-09 04:13:41,PM2,BEN-PM2-LZ-Blue,5.26
2026-07-08T20:13:41Z,2026-07-09 04:13:41,PM3,BEN-PM3-LZ-Green,7.59
2026-07-08T21:34:44Z,2026-07-09 05:34:44,TCP1, ,0
2026-07-08T21:34:44Z,2026-07-09 05:34:44,TCP2, ,0
2026-07-08T21:34:44Z,2026-07-09 05:34:44,PA1,BEN-PA1-LZ-Green,27.41
2026-07-08T21:34:44Z,2026-07-09 05:34:44,PA2,BEN-PA2-LZ-Green,1.83
2026-07-08T21:34:44Z,2026-07-09 05:34:44,PA3,BEN-PA3-LZ-Green,0.62
2026-07-08T21:34:44Z,2026-07-09 05:34:44,PA4,BEN-PA4-LT-0001,0
2026-07-08T21:34:44Z,2026-07-09 05:34:44,PA5,BEN-PA5-LZ-Green,9.38
2026-07-08T21:34:44Z,2026-07-09 05:34:44,PB1,BEN-PB1-LZ-Green,15.76
2026-07-08T21:34:44Z,2026-07-09 05:34:44,PB3,BEN-PB3-LZ-90Minute,24.71
2026-07-08T21:34:44Z,2026-07-09 05:34:44,PC2,BEN-PC2-LZ-Green,0
2026-07-08T21:34:44Z,2026-07-09 05:34:44,PC3,BEN-PC3-LZ-Green,3.39
2026-07-08T21:34:44Z,2026-07-09 05:34:44,STAFF ONLY - PC3,BEN-PC3-LZ-White,0
2026-07-08T21:34:44Z,2026-07-09 05:34:44,PC4,BEN-PC4-LZ-Equipark,0
2026-07-08T21:34:44Z,2026-07-09 05:34:44,PD1,BEN-PD1-LZ-Yellow,0.99
2026-07-08T21:34:44Z,2026-07-09 05:34:44,PD4,BEN-PD4-LZ-Blue,2.78
2026-07-08T21:34:44Z,2026-07-09 05:34:44,PE1,BEN-PE1-LZ-Yellow,8.71
2026-07-08T21:34:44Z,2026-07-09 05:34:44,PE2,BEN-PE2-LZ-Blue,18.12
2026-07-08T21:34:44Z,2026-07-09 05:34:44,PF1,BEN-PF1-LZ-Yellow,0.63
2026-07-08T21:34:44Z,2026-07-09 05:34:44,PH1,BEN-PH1-LZ-Yellow,1.44
2026-07-08T21:34:44Z,2026-07-09 05:34:44,PH2,BEN-PH2-LZ-Green,34
2026-07-08T21:34:44Z,2026-07-09 05:34:44,PH3,BEN-PH3-LZ-Equipark,0
2026-07-08T21:34:44Z,2026-07-09 05:34:44,PH4,BEN-PH4-LZ-Green,1.29
2026-07-08T21:34:44Z,2026-07-09 05:34:44,PI1,BEN-PI1-LZ-Yellow,2.23
2026-07-08T21:34:44Z,2026-07-09 05:34:44,PI2,BEN-PI2-LZ-Yellow,4.81
2026-07-08T21:34:44Z,2026-07-09 05:34:44,PI3,BEN-PI3-LZ-Yellow,0
2026-07-08T21:34:44Z,2026-07-09 05:34:44,STAFF ONLY - PJ1,BEN-PJ1-LZ-White,1.05
2026-07-08T21:34:44Z,2026-07-09 05:34:44,PJ1,BEN-PJ1-LZ-Yellow,24.64
2026-07-08T21:34:44Z,2026-07-09 05:34:44,PJ2,BEN-PJ2-LZ-Green,0
2026-07-08T21:34:44Z,2026-07-09 05:34:44,PL1,BEN-PL1-LZ-Green,13.42
2026-07-08T21:34:44Z,2026-07-09 05:34:44,PL2,BEN-PL2-LZ-Green,9.68
2026-07-08T21:34:44Z,2026-07-09 05:34:44,STAFF ONLY - PL2,BEN-PL2-LZ-White,0
2026-07-08T21:34:44Z,2026-07-09 05:34:44,PM2,BEN-PM2-LZ-Blue,5.26
2026-07-08T21:34:44Z,2026-07-09 05:34:44,PM3,BEN-PM3-LZ-Green,7.59
2026-07-08T22:42:14Z,2026-07-09 06:42:14,TCP1, ,0
2026-07-08T22:42:14Z,2026-07-09 06:42:14,TCP2, ,0
2026-07-08T22:42:14Z,2026-07-09 06:42:14,PA1,BEN-PA1-LZ-Green,27.41
2026-07-08T22:42:14Z,2026-07-09 06:42:14,PA2,BEN-PA2-LZ-Green,2.25
2026-07-08T22:42:14Z,2026-07-09 06:42:14,PA3,BEN-PA3-LZ-Green,0.62
2026-07-08T22:42:14Z,2026-07-09 06:42:14,PA4,BEN-PA4-LT-0001,0
2026-07-08T22:42:14Z,2026-07-09 06:42:14,PA5,BEN-PA5-LZ-Green,9.38
2026-07-08T22:42:14Z,2026-07-09 06:42:14,PB1,BEN-PB1-LZ-Green,18.62
2026-07-08T22:42:14Z,2026-07-09 06:42:14,PB3,BEN-PB3-LZ-90Minute,22.35
2026-07-08T22:42:14Z,2026-07-09 06:42:14,PC2,BEN-PC2-LZ-Green,0.71
2026-07-08T22:42:14Z,2026-07-09 06:42:14,PC3,BEN-PC3-LZ-Green,5.08
2026-07-08T22:42:14Z,2026-07-09 06:42:14,STAFF ONLY - PC3,BEN-PC3-LZ-White,0
2026-07-08T22:42:14Z,2026-07-09 06:42:14,PC4,BEN-PC4-LZ-Equipark,0
2026-07-08T22:42:14Z,2026-07-09 06:42:14,PD1,BEN-PD1-LZ-Yellow,0.99
2026-07-08T22:42:14Z,2026-07-09 06:42:14,PD4,BEN-PD4-LZ-Blue,2.78
2026-07-08T22:42:14Z,2026-07-09 06:42:14,PE1,BEN-PE1-LZ-Yellow,10.45
2026-07-08T22:42:14Z,2026-07-09 06:42:14,PE2,BEN-PE2-LZ-Blue,18.12
2026-07-08T22:42:14Z,2026-07-09 06:42:14,PF1,BEN-PF1-LZ-Yellow,6.29
2026-07-08T22:42:14Z,2026-07-09 06:42:14,PH1,BEN-PH1-LZ-Yellow,44.02
2026-07-08T22:42:14Z,2026-07-09 06:42:14,PH2,BEN-PH2-LZ-Green,44
2026-07-08T22:42:14Z,2026-07-09 06:42:14,PH3,BEN-PH3-LZ-Equipark,0
2026-07-08T22:42:14Z,2026-07-09 06:42:14,PH4,BEN-PH4-LZ-Green,3.23
2026-07-08T22:42:14Z,2026-07-09 06:42:14,PI1,BEN-PI1-LZ-Yellow,5.59
2026-07-08T22:42:14Z,2026-07-09 06:42:14,PI2,BEN-PI2-LZ-Yellow,4.81
2026-07-08T22:42:14Z,2026-07-09 06:42:14,PI3,BEN-PI3-LZ-Yellow,0
2026-07-08T22:42:14Z,2026-07-09 06:42:14,STAFF ONLY - PJ1,BEN-PJ1-LZ-White,1.05
2026-07-08T22:42:14Z,2026-07-09 06:42:14,PJ1,BEN-PJ1-LZ-Yellow,25
2026-07-08T22:42:14Z,2026-07-09 06:42:14,PJ2,BEN-PJ2-LZ-Green,1.89
2026-07-08T22:42:14Z,2026-07-09 06:42:14,PL1,BEN-PL1-LZ-Green,13.74
2026-07-08T22:42:14Z,2026-07-09 06:42:14,PL2,BEN-PL2-LZ-Green,16.13
2026-07-08T22:42:14Z,2026-07-09 06:42:14,STAFF ONLY - PL2,BEN-PL2-LZ-White,0
2026-07-08T22:42:14Z,2026-07-09 06:42:14,PM2,BEN-PM2-LZ-Blue,10.53
2026-07-08T22:42:14Z,2026-07-09 06:42:14,PM3,BEN-PM3-LZ-Green,8.86
2026-07-08T23:54:46Z,2026-07-09 07:54:46,TCP1, ,0
2026-07-08T23:54:46Z,2026-07-09 07:54:46,TCP2, ,0
2026-07-08T23:54:46Z,2026-07-09 07:54:46,PA1,BEN-PA1-LZ-Green,27.41
2026-07-08T23:54:46Z,2026-07-09 07:54:46,PA2,BEN-PA2-LZ-Green,3.23
2026-07-08T23:54:46Z,2026-07-09 07:54:46,PA3,BEN-PA3-LZ-Green,0.62
2026-07-08T23:54:46Z,2026-07-09 07:54:46,PA4,BEN-PA4-LT-0001,0
2026-07-08T23:54:46Z,2026-07-09 07:54:46,PA5,BEN-PA5-LZ-Green,9.38
2026-07-08T23:54:46Z,2026-07-09 07:54:46,PB1,BEN-PB1-LZ-Green,24.64
2026-07-08T23:54:46Z,2026-07-09 07:54:46,PB3,BEN-PB3-LZ-90Minute,32.94
2026-07-08T23:54:46Z,2026-07-09 07:54:46,PC2,BEN-PC2-LZ-Green,25.71
2026-07-08T23:54:46Z,2026-07-09 07:54:46,PC3,BEN-PC3-LZ-Green,50.85
2026-07-08T23:54:46Z,2026-07-09 07:54:46,STAFF ONLY - PC3,BEN-PC3-LZ-White,0
2026-07-08T23:54:46Z,2026-07-09 07:54:46,PC4,BEN-PC4-LZ-Equipark,0
2026-07-08T23:54:46Z,2026-07-09 07:54:46,PD1,BEN-PD1-LZ-Yellow,6.91
2026-07-08T23:54:46Z,2026-07-09 07:54:46,PD4,BEN-PD4-LZ-Blue,5.56
2026-07-08T23:54:46Z,2026-07-09 07:54:46,PE1,BEN-PE1-LZ-Yellow,19.16
2026-07-08T23:54:46Z,2026-07-09 07:54:46,PE2,BEN-PE2-LZ-Blue,11.59
2026-07-08T23:54:46Z,2026-07-09 07:54:46,PF1,BEN-PF1-LZ-Yellow,77.36
2026-07-08T23:54:46Z,2026-07-09 07:54:46,PH1,BEN-PH1-LZ-Yellow,56.94
2026-07-08T23:54:46Z,2026-07-09 07:54:46,PH2,BEN-PH2-LZ-Green,72
2026-07-08T23:54:46Z,2026-07-09 07:54:46,PH3,BEN-PH3-LZ-Equipark,0
2026-07-08T23:54:46Z,2026-07-09 07:54:46,PH4,BEN-PH4-LZ-Green,33.55
2026-07-08T23:54:46Z,2026-07-09 07:54:46,PI1,BEN-PI1-LZ-Yellow,25.98
2026-07-08T23:54:46Z,2026-07-09 07:54:46,PI2,BEN-PI2-LZ-Yellow,6.73
2026-07-08T23:54:46Z,2026-07-09 07:54:46,PI3,BEN-PI3-LZ-Yellow,0.35
2026-07-08T23:54:46Z,2026-07-09 07:54:46,STAFF ONLY - PJ1,BEN-PJ1-LZ-White,5.26
2026-07-08T23:54:46Z,2026-07-09 07:54:46,PJ1,BEN-PJ1-LZ-Yellow,25
2026-07-08T23:54:46Z,2026-07-09 07:54:46,PJ2,BEN-PJ2-LZ-Green,19.5
2026-07-08T23:54:46Z,2026-07-09 07:54:46,PL1,BEN-PL1-LZ-Green,16.29
2026-07-08T23:54:46Z,2026-07-09 07:54:46,PL2,BEN-PL2-LZ-Green,19.35
2026-07-08T23:54:46Z,2026-07-09 07:54:46,STAFF ONLY - PL2,BEN-PL2-LZ-White,0
2026-07-08T23:54:46Z,2026-07-09 07:54:46,PM2,BEN-PM2-LZ-Blue,10.53
2026-07-08T23:54:46Z,2026-07-09 07:54:46,PM3,BEN-PM3-LZ-Green,27.85
2026-07-09T03:50:10Z,2026-07-09 11:50:10,TCP1, ,0
2026-07-09T03:50:10Z,2026-07-09 11:50:10,TCP2, ,0
2026-07-09T03:50:10Z,2026-07-09 11:50:10,PA1,BEN-PA1-LZ-Green,27.41
2026-07-09T03:50:10Z,2026-07-09 11:50:10,PA2,BEN-PA2-LZ-Green,3.38
2026-07-09T03:50:10Z,2026-07-09 11:50:10,PA3,BEN-PA3-LZ-Green,0.62
2026-07-09T03:50:10Z,2026-07-09 11:50:10,PA4,BEN-PA4-LT-0001,0
2026-07-09T03:50:10Z,2026-07-09 11:50:10,PA5,BEN-PA5-LZ-Green,9.38
2026-07-09T03:50:10Z,2026-07-09 11:50:10,PB1,BEN-PB1-LZ-Green,34.1
2026-07-09T03:50:10Z,2026-07-09 11:50:10,PB3,BEN-PB3-LZ-90Minute,30.59
2026-07-09T03:50:10Z,2026-07-09 11:50:10,PC2,BEN-PC2-LZ-Green,42.14
2026-07-09T03:50:10Z,2026-07-09 11:50:10,PC3,BEN-PC3-LZ-Green,98.31
2026-07-09T03:50:10Z,2026-07-09 11:50:10,STAFF ONLY - PC3,BEN-PC3-LZ-White,95.74
2026-07-09T03:50:10Z,2026-07-09 11:50:10,PC4,BEN-PC4-LZ-Equipark,45.83
2026-07-09T03:50:10Z,2026-07-09 11:50:10,PD1,BEN-PD1-LZ-Yellow,52.96
2026-07-09T03:50:10Z,2026-07-09 11:50:10,PD4,BEN-PD4-LZ-Blue,22.22
2026-07-09T03:50:10Z,2026-07-09 11:50:10,PE1,BEN-PE1-LZ-Yellow,63.41
2026-07-09T03:50:10Z,2026-07-09 11:50:10,PE2,BEN-PE2-LZ-Blue,15.94
2026-07-09T03:50:10Z,2026-07-09 11:50:10,PF1,BEN-PF1-LZ-Yellow,100
2026-07-09T03:50:10Z,2026-07-09 11:50:10,PH1,BEN-PH1-LZ-Yellow,78.47
2026-07-09T03:50:10Z,2026-07-09 11:50:10,PH2,BEN-PH2-LZ-Green,100
2026-07-09T03:50:10Z,2026-07-09 11:50:10,PH3,BEN-PH3-LZ-Equipark,0
2026-07-09T03:50:10Z,2026-07-09 11:50:10,PH4,BEN-PH4-LZ-Green,98.71
2026-07-09T03:50:10Z,2026-07-09 11:50:10,PI1,BEN-PI1-LZ-Yellow,79.61
2026-07-09T03:50:10Z,2026-07-09 11:50:10,PI2,BEN-PI2-LZ-Yellow,15.71
2026-07-09T03:50:10Z,2026-07-09 11:50:10,PI3,BEN-PI3-LZ-Yellow,1.42
2026-07-09T03:50:10Z,2026-07-09 11:50:10,STAFF ONLY - PJ1,BEN-PJ1-LZ-White,41.05
2026-07-09T03:50:10Z,2026-07-09 11:50:10,PJ1,BEN-PJ1-LZ-Yellow,28.99
2026-07-09T03:50:10Z,2026-07-09 11:50:10,PJ2,BEN-PJ2-LZ-Green,66.04
2026-07-09T03:50:10Z,2026-07-09 11:50:10,PL1,BEN-PL1-LZ-Green,22.04
2026-07-09T03:50:10Z,2026-07-09 11:50:10,PL2,BEN-PL2-LZ-Green,41.94
2026-07-09T03:50:10Z,2026-07-09 11:50:10,STAFF ONLY - PL2,BEN-PL2-LZ-White,0
2026-07-09T03:50:10Z,2026-07-09 11:50:10,PM2,BEN-PM2-LZ-Blue,10.53
2026-07-09T03:50:10Z,2026-07-09 11:50:10,PM3,BEN-PM3-LZ-Green,87.97
2026-07-09T07:52:38Z,2026-07-09 15:52:38,TCP1, ,0
2026-07-09T07:52:38Z,2026-07-09 15:52:38,TCP2, ,0
2026-07-09T07:52:38Z,2026-07-09 15:52:38,PA1,BEN-PA1-LZ-Green,27.41
2026-07-09T07:52:38Z,2026-07-09 15:52:38,PA2,BEN-PA2-LZ-Green,3.09
2026-07-09T07:52:38Z,2026-07-09 15:52:38,PA3,BEN-PA3-LZ-Green,0.62
2026-07-09T07:52:38Z,2026-07-09 15:52:38,PA4,BEN-PA4-LT-0001,0
2026-07-09T07:52:38Z,2026-07-09 15:52:38,PA5,BEN-PA5-LZ-Green,9.38
2026-07-09T07:52:38Z,2026-07-09 15:52:38,PB1,BEN-PB1-LZ-Green,31.23
2026-07-09T07:52:38Z,2026-07-09 15:52:38,PB3,BEN-PB3-LZ-90Minute,25.88
2026-07-09T07:52:38Z,2026-07-09 15:52:38,PC2,BEN-PC2-LZ-Green,42.14
2026-07-09T07:52:38Z,2026-07-09 15:52:38,PC3,BEN-PC3-LZ-Green,77.97
2026-07-09T07:52:38Z,2026-07-09 15:52:38,STAFF ONLY - PC3,BEN-PC3-LZ-White,74.47
2026-07-09T07:52:38Z,2026-07-09 15:52:38,PC4,BEN-PC4-LZ-Equipark,33.33
2026-07-09T07:52:38Z,2026-07-09 15:52:38,PD1,BEN-PD1-LZ-Yellow,34.54
2026-07-09T07:52:38Z,2026-07-09 15:52:38,PD4,BEN-PD4-LZ-Blue,25
2026-07-09T07:52:38Z,2026-07-09 15:52:38,PE1,BEN-PE1-LZ-Yellow,47.74
2026-07-09T07:52:38Z,2026-07-09 15:52:38,PE2,BEN-PE2-LZ-Blue,21.74
2026-07-09T07:52:38Z,2026-07-09 15:52:38,PF1,BEN-PF1-LZ-Yellow,79.25
2026-07-09T07:52:38Z,2026-07-09 15:52:38,PH1,BEN-PH1-LZ-Yellow,44.98
2026-07-09T07:52:38Z,2026-07-09 15:52:38,PH2,BEN-PH2-LZ-Green,80
2026-07-09T07:52:38Z,2026-07-09 15:52:38,PH3,BEN-PH3-LZ-Equipark,0
2026-07-09T07:52:38Z,2026-07-09 15:52:38,PH4,BEN-PH4-LZ-Green,77.42
2026-07-09T07:52:38Z,2026-07-09 15:52:38,PI1,BEN-PI1-LZ-Yellow,66.48
2026-07-09T07:52:38Z,2026-07-09 15:52:38,PI2,BEN-PI2-LZ-Yellow,14.74
2026-07-09T07:52:38Z,2026-07-09 15:52:38,PI3,BEN-PI3-LZ-Yellow,0.35
2026-07-09T07:52:38Z,2026-07-09 15:52:38,STAFF ONLY - PJ1,BEN-PJ1-LZ-White,33.68
2026-07-09T07:52:38Z,2026-07-09 15:52:38,PJ1,BEN-PJ1-LZ-Yellow,28.62
2026-07-09T07:52:38Z,2026-07-09 15:52:38,PJ2,BEN-PJ2-LZ-Green,47.17
2026-07-09T07:52:38Z,2026-07-09 15:52:38,PL1,BEN-PL1-LZ-Green,19.17
2026-07-09T07:52:38Z,2026-07-09 15:52:38,PL2,BEN-PL2-LZ-Green,16.13
2026-07-09T07:52:38Z,2026-07-09 15:52:38,STAFF ONLY - PL2,BEN-PL2-LZ-White,0
2026-07-09T07:52:38Z,2026-07-09 15:52:38,PM2,BEN-PM2-LZ-Blue,0
2026-07-09T07:52:38Z,2026-07-09 15:52:38,PM3,BEN-PM3-LZ-Green,62.03
2026-07-09T10:41:11Z,2026-07-09 18:41:11,TCP1, ,0
2026-07-09T10:41:11Z,2026-07-09 18:41:11,TCP2, ,0
2026-07-09T10:41:11Z,2026-07-09 18:41:11,PA1,BEN-PA1-LZ-Green,27.41
2026-07-09T10:41:11Z,2026-07-09 18:41:11,PA2,BEN-PA2-LZ-Green,1.83
2026-07-09T10:41:11Z,2026-07-09 18:41:11,PA3,BEN-PA3-LZ-Green,0.62
2026-07-09T10:41:11Z,2026-07-09 18:41:11,PA4,BEN-PA4-LT-0001,0
2026-07-09T10:41:11Z,2026-07-09 18:41:11,PA5,BEN-PA5-LZ-Green,9.38
2026-07-09T10:41:11Z,2026-07-09 18:41:11,PB1,BEN-PB1-LZ-Green,33.81
2026-07-09T10:41:11Z,2026-07-09 18:41:11,PB3,BEN-PB3-LZ-90Minute,32.94
2026-07-09T10:41:11Z,2026-07-09 18:41:11,PC2,BEN-PC2-LZ-Green,1.43
2026-07-09T10:41:11Z,2026-07-09 18:41:11,PC3,BEN-PC3-LZ-Green,6.78
2026-07-09T10:41:11Z,2026-07-09 18:41:11,STAFF ONLY - PC3,BEN-PC3-LZ-White,6.38
2026-07-09T10:41:11Z,2026-07-09 18:41:11,PC4,BEN-PC4-LZ-Equipark,0
2026-07-09T10:41:11Z,2026-07-09 18:41:11,PD1,BEN-PD1-LZ-Yellow,3.95
2026-07-09T10:41:11Z,2026-07-09 18:41:11,PD4,BEN-PD4-LZ-Blue,8.33
2026-07-09T10:41:11Z,2026-07-09 18:41:11,PE1,BEN-PE1-LZ-Yellow,12.2
2026-07-09T10:41:11Z,2026-07-09 18:41:11,PE2,BEN-PE2-LZ-Blue,21.74
2026-07-09T10:41:11Z,2026-07-09 18:41:11,PF1,BEN-PF1-LZ-Yellow,5.03
2026-07-09T10:41:11Z,2026-07-09 18:41:11,PH1,BEN-PH1-LZ-Yellow,5.74
2026-07-09T10:41:11Z,2026-07-09 18:41:11,PH2,BEN-PH2-LZ-Green,38
2026-07-09T10:41:11Z,2026-07-09 18:41:11,PH3,BEN-PH3-LZ-Equipark,0
2026-07-09T10:41:11Z,2026-07-09 18:41:11,PH4,BEN-PH4-LZ-Green,5.16
2026-07-09T10:41:11Z,2026-07-09 18:41:11,PI1,BEN-PI1-LZ-Yellow,7.26
2026-07-09T10:41:11Z,2026-07-09 18:41:11,PI2,BEN-PI2-LZ-Yellow,6.73
2026-07-09T10:41:11Z,2026-07-09 18:41:11,PI3,BEN-PI3-LZ-Yellow,0.35
2026-07-09T10:41:11Z,2026-07-09 18:41:11,STAFF ONLY - PJ1,BEN-PJ1-LZ-White,1.05
2026-07-09T10:41:11Z,2026-07-09 18:41:11,PJ1,BEN-PJ1-LZ-Yellow,27.9
2026-07-09T10:41:11Z,2026-07-09 18:41:11,PJ2,BEN-PJ2-LZ-Green,32.08
2026-07-09T10:41:11Z,2026-07-09 18:41:11,PL1,BEN-PL1-LZ-Green,13.74
2026-07-09T10:41:11Z,2026-07-09 18:41:11,PL2,BEN-PL2-LZ-Green,6.45
2026-07-09T10:41:11Z,2026-07-09 18:41:11,STAFF ONLY - PL2,BEN-PL2-LZ-White,0
2026-07-09T10:41:11Z,2026-07-09 18:41:11,PM2,BEN-PM2-LZ-Blue,0
2026-07-09T10:41:11Z,2026-07-09 18:41:11,PM3,BEN-PM3-LZ-Green,11.39
2026-07-09T13:39:03Z,2026-07-09 21:39:03,TCP1, ,0
2026-07-09T13:39:03Z,2026-07-09 21:39:03,TCP2, ,0
2026-07-09T13:39:03Z,2026-07-09 21:39:03,PA1,BEN-PA1-LZ-Green,27.41
2026-07-09T13:39:03Z,2026-07-09 21:39:03,PA2,BEN-PA2-LZ-Green,1.83
2026-07-09T13:39:03Z,2026-07-09 21:39:03,PA3,BEN-PA3-LZ-Green,0.62
2026-07-09T13:39:03Z,2026-07-09 21:39:03,PA4,BEN-PA4-LT-0001,0
2026-07-09T13:39:03Z,2026-07-09 21:39:03,PA5,BEN-PA5-LZ-Green,9.38
2026-07-09T13:39:03Z,2026-07-09 21:39:03,PB1,BEN-PB1-LZ-Green,17.48
2026-07-09T13:39:03Z,2026-07-09 21:39:03,PB3,BEN-PB3-LZ-90Minute,27.06
2026-07-09T13:39:03Z,2026-07-09 21:39:03,PC2,BEN-PC2-LZ-Green,2.14
2026-07-09T13:39:03Z,2026-07-09 21:39:03,PC3,BEN-PC3-LZ-Green,3.39
2026-07-09T13:39:03Z,2026-07-09 21:39:03,STAFF ONLY - PC3,BEN-PC3-LZ-White,6.38
2026-07-09T13:39:03Z,2026-07-09 21:39:03,PC4,BEN-PC4-LZ-Equipark,0
2026-07-09T13:39:03Z,2026-07-09 21:39:03,PD1,BEN-PD1-LZ-Yellow,0.33
2026-07-09T13:39:03Z,2026-07-09 21:39:03,PD4,BEN-PD4-LZ-Blue,8.33
2026-07-09T13:39:03Z,2026-07-09 21:39:03,PE1,BEN-PE1-LZ-Yellow,9.06
2026-07-09T13:39:03Z,2026-07-09 21:39:03,PE2,BEN-PE2-LZ-Blue,20.29
2026-07-09T13:39:03Z,2026-07-09 21:39:03,PF1,BEN-PF1-LZ-Yellow,1.26
2026-07-09T13:39:03Z,2026-07-09 21:39:03,PH1,BEN-PH1-LZ-Yellow,2.39
2026-07-09T13:39:03Z,2026-07-09 21:39:03,PH2,BEN-PH2-LZ-Green,34
2026-07-09T13:39:03Z,2026-07-09 21:39:03,PH3,BEN-PH3-LZ-Equipark,0
2026-07-09T13:39:03Z,2026-07-09 21:39:03,PH4,BEN-PH4-LZ-Green,1.29
2026-07-09T13:39:03Z,2026-07-09 21:39:03,PI1,BEN-PI1-LZ-Yellow,3.91
2026-07-09T13:39:03Z,2026-07-09 21:39:03,PI2,BEN-PI2-LZ-Yellow,4.81
2026-07-09T13:39:03Z,2026-07-09 21:39:03,PI3,BEN-PI3-LZ-Yellow,0
2026-07-09T13:39:03Z,2026-07-09 21:39:03,STAFF ONLY - PJ1,BEN-PJ1-LZ-White,0
2026-07-09T13:39:03Z,2026-07-09 21:39:03,PJ1,BEN-PJ1-LZ-Yellow,24.64
2026-07-09T13:39:03Z,2026-07-09 21:39:03,PJ2,BEN-PJ2-LZ-Green,0
2026-07-09T13:39:03Z,2026-07-09 21:39:03,PL1,BEN-PL1-LZ-Green,14.7
2026-07-09T13:39:03Z,2026-07-09 21:39:03,PL2,BEN-PL2-LZ-Green,6.45
2026-07-09T13:39:03Z,2026-07-09 21:39:03,STAFF ONLY - PL2,BEN-PL2-LZ-White,0
2026-07-09T13:39:03Z,2026-07-09 21:39:03,PM2,BEN-PM2-LZ-Blue,0
2026-07-09T13:39:03Z,2026-07-09 21:39:03,PM3,BEN-PM3-LZ-Green,7.59
2026-07-09T16:16:34Z,2026-07-10 00:16:34,TCP1, ,0
2026-07-09T16:16:34Z,2026-07-10 00:16:34,TCP2, ,0
2026-07-09T16:16:34Z,2026-07-10 00:16:34,PA1,BEN-PA1-LZ-Green,27.41
2026-07-09T16:16:34Z,2026-07-10 00:16:34,PA2,BEN-PA2-LZ-Green,1.83
2026-07-09T16:16:34Z,2026-07-10 00:16:34,PA3,BEN-PA3-LZ-Green,0.62
2026-07-09T16:16:34Z,2026-07-10 00:16:34,PA4,BEN-PA4-LT-0001,0
2026-07-09T16:16:34Z,2026-07-10 00:16:34,PA5,BEN-PA5-LZ-Green,9.38
2026-07-09T16:16:34Z,2026-07-10 00:16:34,PB1,BEN-PB1-LZ-Green,14.04
2026-07-09T16:16:34Z,2026-07-10 00:16:34,PB3,BEN-PB3-LZ-90Minute,27.06
2026-07-09T16:16:34Z,2026-07-10 00:16:34,PC2,BEN-PC2-LZ-Green,0.71
2026-07-09T16:16:34Z,2026-07-10 00:16:34,PC3,BEN-PC3-LZ-Green,1.69
2026-07-09T16:16:34Z,2026-07-10 00:16:34,STAFF ONLY - PC3,BEN-PC3-LZ-White,0
2026-07-09T16:16:34Z,2026-07-10 00:16:34,PC4,BEN-PC4-LZ-Equipark,0
2026-07-09T16:16:34Z,2026-07-10 00:16:34,PD1,BEN-PD1-LZ-Yellow,0.33
2026-07-09T16:16:34Z,2026-07-10 00:16:34,PD4,BEN-PD4-LZ-Blue,2.78
2026-07-09T16:16:34Z,2026-07-10 00:16:34,PE1,BEN-PE1-LZ-Yellow,8.36
2026-07-09T16:16:34Z,2026-07-10 00:16:34,PE2,BEN-PE2-LZ-Blue,20.29
2026-07-09T16:16:34Z,2026-07-10 00:16:34,PF1,BEN-PF1-LZ-Yellow,0
2026-07-09T16:16:34Z,2026-07-10 00:16:34,PH1,BEN-PH1-LZ-Yellow,1.44
2026-07-09T16:16:34Z,2026-07-10 00:16:34,PH2,BEN-PH2-LZ-Green,34
2026-07-09T16:16:34Z,2026-07-10 00:16:34,PH3,BEN-PH3-LZ-Equipark,0
2026-07-09T16:16:34Z,2026-07-10 00:16:34,PH4,BEN-PH4-LZ-Green,0
2026-07-09T16:16:34Z,2026-07-10 00:16:34,PI1,BEN-PI1-LZ-Yellow,2.23
2026-07-09T16:16:34Z,2026-07-10 00:16:34,PI2,BEN-PI2-LZ-Yellow,4.81
2026-07-09T16:16:34Z,2026-07-10 00:16:34,PI3,BEN-PI3-LZ-Yellow,0
2026-07-09T16:16:34Z,2026-07-10 00:16:34,STAFF ONLY - PJ1,BEN-PJ1-LZ-White,0
2026-07-09T16:16:34Z,2026-07-10 00:16:34,PJ1,BEN-PJ1-LZ-Yellow,24.64
2026-07-09T16:16:34Z,2026-07-10 00:16:34,PJ2,BEN-PJ2-LZ-Green,0
2026-07-09T16:16:34Z,2026-07-10 00:16:34,PL1,BEN-PL1-LZ-Green,13.42
2026-07-09T16:16:34Z,2026-07-10 00:16:34,PL2,BEN-PL2-LZ-Green,6.45
2026-07-09T16:16:34Z,2026-07-10 00:16:34,STAFF ONLY - PL2,BEN-PL2-LZ-White,0
2026-07-09T16:16:34Z,2026-07-10 00:16:34,PM2,BEN-PM2-LZ-Blue,0
2026-07-09T16:16:34Z,2026-07-10 00:16:34,PM3,BEN-PM3-LZ-Green,7.59
2026-07-09T18:14:56Z,2026-07-10 02:14:56,TCP1, ,0
2026-07-09T18:14:56Z,2026-07-10 02:14:56,TCP2, ,0
2026-07-09T18:14:56Z,2026-07-10 02:14:56,PA1,BEN-PA1-LZ-Green,27.41
2026-07-09T18:14:56Z,2026-07-10 02:14:56,PA2,BEN-PA2-LZ-Green,1.83
2026-07-09T18:14:56Z,2026-07-10 02:14:56,PA3,BEN-PA3-LZ-Green,0.62
2026-07-09T18:14:56Z,2026-07-10 02:14:56,PA4,BEN-PA4-LT-0001,0
2026-07-09T18:14:56Z,2026-07-10 02:14:56,PA5,BEN-PA5-LZ-Green,9.38
2026-07-09T18:14:56Z,2026-07-10 02:14:56,PB1,BEN-PB1-LZ-Green,14.04
2026-07-09T18:14:56Z,2026-07-10 02:14:56,PB3,BEN-PB3-LZ-90Minute,29.41
2026-07-09T18:14:56Z,2026-07-10 02:14:56,PC2,BEN-PC2-LZ-Green,0
2026-07-09T18:14:56Z,2026-07-10 02:14:56,PC3,BEN-PC3-LZ-Green,1.69
2026-07-09T18:14:56Z,2026-07-10 02:14:56,STAFF ONLY - PC3,BEN-PC3-LZ-White,0
2026-07-09T18:14:56Z,2026-07-10 02:14:56,PC4,BEN-PC4-LZ-Equipark,0
2026-07-09T18:14:56Z,2026-07-10 02:14:56,PD1,BEN-PD1-LZ-Yellow,0.33
2026-07-09T18:14:56Z,2026-07-10 02:14:56,PD4,BEN-PD4-LZ-Blue,2.78
2026-07-09T18:14:56Z,2026-07-10 02:14:56,PE1,BEN-PE1-LZ-Yellow,8.36
2026-07-09T18:14:56Z,2026-07-10 02:14:56,PE2,BEN-PE2-LZ-Blue,20.29
2026-07-09T18:14:56Z,2026-07-10 02:14:56,PF1,BEN-PF1-LZ-Yellow,0
2026-07-09T18:14:56Z,2026-07-10 02:14:56,PH1,BEN-PH1-LZ-Yellow,1.44
2026-07-09T18:14:56Z,2026-07-10 02:14:56,PH2,BEN-PH2-LZ-Green,34
2026-07-09T18:14:56Z,2026-07-10 02:14:56,PH3,BEN-PH3-LZ-Equipark,0
2026-07-09T18:14:56Z,2026-07-10 02:14:56,PH4,BEN-PH4-LZ-Green,0
2026-07-09T18:14:56Z,2026-07-10 02:14:56,PI1,BEN-PI1-LZ-Yellow,2.23
2026-07-09T18:14:56Z,2026-07-10 02:14:56,PI2,BEN-PI2-LZ-Yellow,4.81
2026-07-09T18:14:56Z,2026-07-10 02:14:56,PI3,BEN-PI3-LZ-Yellow,0
2026-07-09T18:14:56Z,2026-07-10 02:14:56,STAFF ONLY - PJ1,BEN-PJ1-LZ-White,0
2026-07-09T18:14:56Z,2026-07-10 02:14:56,PJ1,BEN-PJ1-LZ-Yellow,24.64
2026-07-09T18:14:56Z,2026-07-10 02:14:56,PJ2,BEN-PJ2-LZ-Green,0
2026-07-09T18:14:56Z,2026-07-10 02:14:56,PL1,BEN-PL1-LZ-Green,13.42
2026-07-09T18:14:56Z,2026-07-10 02:14:56,PL2,BEN-PL2-LZ-Green,6.45
2026-07-09T18:14:56Z,2026-07-10 02:14:56,STAFF ONLY - PL2,BEN-PL2-LZ-White,0
2026-07-09T18:14:56Z,2026-07-10 02:14:56,PM2,BEN-PM2-LZ-Blue,0
2026-07-09T18:14:56Z,2026-07-10 02:14:56,PM3,BEN-PM3-LZ-Green,7.59
